"","cluster_code","n_hh","idx1","idx2","idx3","idx4","idx5","idx6"
"1","100","233","12","50","88","126","164","202"
"2","110","199","4","37","70","103","136","169"
"3","284","121","8","28","48","68","88","108"
"4","285","109","3","21","39","57","75","93"
"5","287","30","3","8","13","18","23","28"
"6","288","111","5","23","41","59","77","95"
"7","484","158","12","38","64","90","116","142"
"8","494","108","10","28","46","64","82","100"
"9","523","67","2","13","24","35","46","57"
"10","524","122","2","22","42","62","82","102"
"11","622","147","3","27","51","75","99","123"
"12","625","357","57","116","175","234","293","352"
"13","628","155","24","49","74","99","124","149"
"14","632","321","34","87","140","193","246","299"
"15","637","403","34","101","168","235","302","369"
"16","645","124","8","28","48","68","88","108"
"17","657","158","1","27","53","79","105","131"
"18","675","55","5","14","23","32","41","50"
"19","687","150","15","40","65","90","115","140"
"20","694","136","11","33","55","77","99","121"
"21","697","155","15","40","65","90","115","140"
"22","717","161","18","44","70","96","122","148"
"23","733","127","10","31","52","73","94","115"
"24","739","175","23","52","81","110","139","168"
"25","755","289","48","96","144","192","240","288"
"26","759","149","13","37","61","85","109","133"
"27","760","110","9","27","45","63","81","99"
"28","784","271","44","89","134","179","224","269"
"29","785","247","31","72","113","154","195","236"
"30","790","315","43","95","147","199","251","303"
"31","797","146","3","27","51","75","99","123"
"32","813","213","18","53","88","123","158","193"
"33","814","166","21","48","75","102","129","156"
"34","824","75","7","19","31","43","55","67"
"35","825","77","11","23","35","47","59","71"
"36","826","126","13","34","55","76","97","118"
"37","827","101","11","27","43","59","75","91"
"38","828","261","12","55","98","141","184","227"
"39","832","267","41","85","129","173","217","261"
"40","833","221","17","53","89","125","161","197"
"41","837","230","12","50","88","126","164","202"
"42","847","247","24","65","106","147","188","229"
"43","849","80","2","15","28","41","54","67"
"44","871","127","12","33","54","75","96","117"
"45","872","114","16","35","54","73","92","111"
"46","880","191","14","45","76","107","138","169"
"47","891","106","6","23","40","57","74","91"
"48","895","185","22","52","82","112","142","172"
"49","896","332","6","61","116","171","226","281"
"50","907","260","14","57","100","143","186","229"
"51","915","194","31","63","95","127","159","191"
"52","916","132","18","40","62","84","106","128"
"53","935","146","16","40","64","88","112","136"
"54","945","314","11","63","115","167","219","271"
"55","946","150","14","39","64","89","114","139"
"56","1","170","21","49","77","105","133","161"
"57","101","337","37","93","149","205","261","317"
"58","108","126","4","25","46","67","88","109"
"59","111","78","7","20","33","46","59","72"
"60","113","186","5","36","67","98","129","160"
"61","114","49","4","12","20","28","36","44"
"62","116","154","2","27","52","77","102","127"
"63","128","206","9","43","77","111","145","179"
"64","133","82","1","14","27","40","53","66"
"65","134","150","22","47","72","97","122","147"
"66","136","242","5","45","85","125","165","205"
"67","137","211","17","52","87","122","157","192"
"68","140","199","6","39","72","105","138","171"
"69","141","234","17","56","95","134","173","212"
"70","154","83","7","20","33","46","59","72"
"71","155","23","3","6","9","12","15","18"
"72","159","177","27","56","85","114","143","172"
"73","16","146","14","38","62","86","110","134"
"74","17","146","24","48","72","96","120","144"
"75","186","85","6","20","34","48","62","76"
"76","187","52","6","14","22","30","38","46"
"77","19","288","7","55","103","151","199","247"
"78","2","144","7","31","55","79","103","127"
"79","20","191","28","59","90","121","152","183"
"80","202","156","16","42","68","94","120","146"
"81","21","157","16","42","68","94","120","146"
"82","241","141","16","39","62","85","108","131"
"83","242","161","26","52","78","104","130","156"
"84","243","101","6","22","38","54","70","86"
"85","245","55","1","10","19","28","37","46"
"86","246","70","5","16","27","38","49","60"
"87","25","138","1","24","47","70","93","116"
"88","265","126","8","29","50","71","92","113"
"89","270","129","20","41","62","83","104","125"
"90","271","99","10","26","42","58","74","90"
"91","272","58","2","11","20","29","38","47"
"92","273","74","7","19","31","43","55","67"
"93","275","53","7","15","23","31","39","47"
"94","276","48","7","15","23","31","39","47"
"95","278","45","1","8","15","22","29","36"
"96","279","71","3","14","25","36","47","58"
"97","280","65","6","16","26","36","46","56"
"98","282","80","3","16","29","42","55","68"
"99","283","78","9","22","35","48","61","74"
"100","3","279","20","66","112","158","204","250"
"101","31","351","46","104","162","220","278","336"
"102","34","106","1","18","35","52","69","86"
"103","343","89","4","18","32","46","60","74"
"104","344","90","12","27","42","57","72","87"
"105","354","112","8","26","44","62","80","98"
"106","362","200","12","45","78","111","144","177"
"107","39","434","40","112","184","256","328","400"
"108","4","212","10","45","80","115","150","185"
"109","40","302","26","76","126","176","226","276"
"110","415","10","3","4","5","6","7","8"
"111","416","74","9","21","33","45","57","69"
"112","417","92","2","17","32","47","62","77"
"113","418","72","9","21","33","45","57","69"
"114","419","55","8","17","26","35","44","53"
"115","42","295","40","89","138","187","236","285"
"116","420","97","1","17","33","49","65","81"
"117","421","55","1","10","19","28","37","46"
"118","422","55","7","16","25","34","43","52"
"119","423","79","13","26","39","52","65","78"
"120","43","306","7","58","109","160","211","262"
"121","44","247","1","42","83","124","165","206"
"122","493","147","1","25","49","73","97","121"
"123","497","140","9","32","55","78","101","124"
"124","498","203","28","61","94","127","160","193"
"125","50","304","1","51","101","151","201","251"
"126","51","207","21","55","89","123","157","191"
"127","515","55","7","16","25","34","43","52"
"128","52","98","13","29","45","61","77","93"
"129","520","305","31","81","131","181","231","281"
"130","521","236","13","52","91","130","169","208"
"131","522","204","15","49","83","117","151","185"
"132","53","341","2","58","114","170","226","282"
"133","531","147","13","37","61","85","109","133"
"134","532","158","3","29","55","81","107","133"
"135","542","233","6","44","82","120","158","196"
"136","55","262","15","58","101","144","187","230"
"137","553","64","3","13","23","33","43","53"
"138","555","244","23","63","103","143","183","223"
"139","557","250","30","71","112","153","194","235"
"140","564","155","8","33","58","83","108","133"
"141","565","167","27","54","81","108","135","162"
"142","575","125","5","25","45","65","85","105"
"143","576","247","22","63","104","145","186","227"
"144","588","271","14","59","104","149","194","239"
"145","589","251","16","57","98","139","180","221"
"146","591","133","10","32","54","76","98","120"
"147","592","200","33","66","99","132","165","198"
"148","593","106","13","30","47","64","81","98"
"149","594","94","10","25","40","55","70","85"
"150","61","252","37","79","121","163","205","247"
"151","619","151","5","30","55","80","105","130"
"152","620","68","6","17","28","39","50","61"
"153","623","124","10","30","50","70","90","110"
"154","624","112","15","33","51","69","87","105"
"155","67","439","11","84","157","230","303","376"
"156","68","365","19","79","139","199","259","319"
"157","69","260","17","60","103","146","189","232"
"158","70","268","17","61","105","149","193","237"
"159","78","311","51","102","153","204","255","306"
"160","80","291","14","62","110","158","206","254"
"161","81","256","42","84","126","168","210","252"
"162","84","318","12","65","118","171","224","277"
"163","90","205","17","51","85","119","153","187"
"164","92","345","37","94","151","208","265","322"
"165","96","258","42","85","128","171","214","257"
"166","115","282","7","54","101","148","195","242"
"167","601","184","4","34","64","94","124","154"
"168","609","125","20","40","60","80","100","120"
"169","635","98","11","27","43","59","75","91"
"170","642","171","26","54","82","110","138","166"
"171","652","53","4","12","20","28","36","44"
"172","660","60","8","18","28","38","48","58"
"173","683","155","10","35","60","85","110","135"
"174","691","101","1","17","33","49","65","81"
"175","698","152","1","26","51","76","101","126"
"176","706","144","21","45","69","93","117","141"
"177","742","113","15","33","51","69","87","105"
"178","753","104","9","26","43","60","77","94"
"179","762","100","2","18","34","50","66","82"
"180","766","97","10","26","42","58","74","90"
"181","771","208","7","41","75","109","143","177"
"182","791","324","37","91","145","199","253","307"
"183","798","168","25","53","81","109","137","165"
"184","811","62","4","14","24","34","44","54"
"185","815","103","16","33","50","67","84","101"
"186","816","157","23","49","75","101","127","153"
"187","844","329","16","70","124","178","232","286"
"188","855","111","9","27","45","63","81","99"
"189","857","86","2","16","30","44","58","72"
"190","859","140","10","33","56","79","102","125"
"191","865","131","4","25","46","67","88","109"
"192","878","155","1","26","51","76","101","126"
"193","884","153","6","31","56","81","106","131"
"194","894","51","1","9","17","25","33","41"
"195","901","263","20","63","106","149","192","235"
"196","902","321","12","65","118","171","224","277"
"197","903","125","17","37","57","77","97","117"
"198","904","167","7","34","61","88","115","142"
"199","908","326","16","70","124","178","232","286"
"200","909","138","10","33","56","79","102","125"
"201","910","113","14","32","50","68","86","104"
"202","914","156","4","30","56","82","108","134"
"203","917","161","1","27","53","79","105","131"
"204","922","96","16","32","48","64","80","96"
"205","925","297","12","61","110","159","208","257"
"206","942","95","9","24","39","54","69","84"
"207","944","114","14","33","52","71","90","109"
"208","947","88","14","28","42","56","70","84"
"209","953","123","1","21","41","61","81","101"
"210","958","173","9","37","65","93","121","149"
"211","229","23","3","6","9","12","15","18"
"212","130","214","30","65","100","135","170","205"
"213","131","121","5","25","45","65","85","105"
"214","132","82","1","14","27","40","53","66"
"215","483","162","4","31","58","85","112","139"
"216","492","91","11","26","41","56","71","86"
"217","496","130","11","32","53","74","95","116"
"218","529","89","1","15","29","43","57","71"
"219","530","69","2","13","24","35","46","57"
"220","566","59","2","11","20","29","38","47"
"221","569","51","3","11","19","27","35","43"
"222","579","48","1","9","17","25","33","41"
"223","585","107","6","23","40","57","74","91"
"224","626","11","4","5","6","7","8","9"
"225","627","204","16","50","84","118","152","186"
"226","629","50","7","15","23","31","39","47"
"227","630","79","7","20","33","46","59","72"
"228","631","321","25","78","131","184","237","290"
"229","633","65","10","20","30","40","50","60"
"230","634","227","8","45","82","119","156","193"
"231","636","199","18","51","84","117","150","183"
"232","638","383","35","98","161","224","287","350"
"233","639","270","26","71","116","161","206","251"
"234","641","267","29","73","117","161","205","249"
"235","643","60","3","13","23","33","43","53"
"236","644","110","6","24","42","60","78","96"
"237","646","84","4","18","32","46","60","74"
"238","647","95","3","18","33","48","63","78"
"239","648","49","4","12","20","28","36","44"
"240","649","95","5","20","35","50","65","80"
"241","650","87","2","16","30","44","58","72"
"242","651","100","15","31","47","63","79","95"
"243","653","125","12","32","52","72","92","112"
"244","654","94","5","20","35","50","65","80"
"245","655","117","11","30","49","68","87","106"
"246","656","91","13","28","43","58","73","88"
"247","658","47","5","12","19","26","33","40"
"248","659","114","14","33","52","71","90","109"
"249","661","204","18","52","86","120","154","188"
"250","662","70","6","17","28","39","50","61"
"251","663","103","7","24","41","58","75","92"
"252","664","148","6","30","54","78","102","126"
"253","665","77","6","18","30","42","54","66"
"254","666","173","1","29","57","85","113","141"
"255","669","177","3","32","61","90","119","148"
"256","670","161","5","31","57","83","109","135"
"257","671","64","6","16","26","36","46","56"
"258","672","133","21","43","65","87","109","131"
"259","673","152","2","27","52","77","102","127"
"260","674","113","13","31","49","67","85","103"
"261","676","140","9","32","55","78","101","124"
"262","677","152","9","34","59","84","109","134"
"263","678","147","1","25","49","73","97","121"
"264","679","72","5","17","29","41","53","65"
"265","681","48","4","12","20","28","36","44"
"266","682","105","9","26","43","60","77","94"
"267","684","68","9","20","31","42","53","64"
"268","685","124","11","31","51","71","91","111"
"269","686","152","8","33","58","83","108","133"
"270","688","150","9","34","59","84","109","134"
"271","689","100","4","20","36","52","68","84"
"272","690","154","10","35","60","85","110","135"
"273","692","109","8","26","44","62","80","98"
"274","716","252","14","56","98","140","182","224"
"275","774","59","1","10","19","28","37","46"
"276","778","28","2","6","10","14","18","22"
"277","793","229","26","64","102","140","178","216"
"278","820","100","15","31","47","63","79","95"
"279","836","248","21","62","103","144","185","226"
"280","848","210","10","45","80","115","150","185"
"281","851","146","23","47","71","95","119","143"
"282","886","130","6","27","48","69","90","111"
"283","921","115","17","36","55","74","93","112"
"284","923","160","15","41","67","93","119","145"
"285","924","236","5","44","83","122","161","200"
"286","401","37","5","11","17","23","29","35"
"287","699","180","8","38","68","98","128","158"
"288","700","222","23","60","97","134","171","208"
"289","701","139","1","24","47","70","93","116"
"290","708","142","22","45","68","91","114","137"
"291","950","111","15","33","51","69","87","105"
"292","951","281","26","72","118","164","210","256"
"293","955","129","13","34","55","76","97","118"
"294","956","295","13","62","111","160","209","258"
"295","957","129","19","40","61","82","103","124"
"296","959","167","25","52","79","106","133","160"
"297","960","138","5","28","51","74","97","120"
"298","151","158","3","29","55","81","107","133"
"299","152","120","3","23","43","63","83","103"
"300","153","122","12","32","52","72","92","112"
"301","226","118","15","34","53","72","91","110"
"302","230","64","3","13","23","33","43","53"
"303","231","49","6","14","22","30","38","46"
"304","327","242","12","52","92","132","172","212"
"305","330","348","30","88","146","204","262","320"
"306","350","56","5","14","23","32","41","50"
"307","356","93","6","21","36","51","66","81"
"308","358","202","10","43","76","109","142","175"
"309","359","132","5","27","49","71","93","115"
"310","361","128","5","26","47","68","89","110"
"311","363","277","25","71","117","163","209","255"
"312","365","130","10","31","52","73","94","115"
"313","366","222","34","71","108","145","182","219"
"314","590","220","33","69","105","141","177","213"
"315","603","189","27","58","89","120","151","182"
"316","102","362","44","104","164","224","284","344"
"317","106","330","27","82","137","192","247","302"
"318","107","320","18","71","124","177","230","283"
"319","138","266","9","53","97","141","185","229"
"320","27","132","12","34","56","78","100","122"
"321","28","148","13","37","61","85","109","133"
"322","37","258","30","73","116","159","202","245"
"323","38","221","13","49","85","121","157","193"
"324","41","216","15","51","87","123","159","195"
"325","5","255","32","74","116","158","200","242"
"326","54","96","12","28","44","60","76","92"
"327","56","344","38","95","152","209","266","323"
"328","7","323","8","61","114","167","220","273"
"329","707","102","17","34","51","68","85","102"
"330","710","149","24","48","72","96","120","144"
"331","718","163","1","28","55","82","109","136"
"332","719","185","16","46","76","106","136","166"
"333","720","184","11","41","71","101","131","161"
"334","73","268","10","54","98","142","186","230"
"335","735","113","4","22","40","58","76","94"
"336","736","92","13","28","43","58","73","88"
"337","743","99","15","31","47","63","79","95"
"338","744","103","7","24","41","58","75","92"
"339","746","103","16","33","50","67","84","101"
"340","747","114","11","30","49","68","87","106"
"341","749","111","15","33","51","69","87","105"
"342","752","113","2","20","38","56","74","92"
"343","754","90","11","26","41","56","71","86"
"344","756","173","13","41","69","97","125","153"
"345","757","111","6","24","42","60","78","96"
"346","758","65","3","13","23","33","43","53"
"347","761","192","25","57","89","121","153","185"
"348","763","282","44","91","138","185","232","279"
"349","764","141","23","46","69","92","115","138"
"350","765","122","14","34","54","74","94","114"
"351","767","104","17","34","51","68","85","102"
"352","768","109","16","34","52","70","88","106"
"353","772","147","18","42","66","90","114","138"
"354","773","202","13","46","79","112","145","178"
"355","775","108","8","26","44","62","80","98"
"356","776","96","12","28","44","60","76","92"
"357","777","67","10","21","32","43","54","65"
"358","779","142","13","36","59","82","105","128"
"359","780","133","5","27","49","71","93","115"
"360","781","205","12","46","80","114","148","182"
"361","782","245","34","74","114","154","194","234"
"362","783","211","5","40","75","110","145","180"
"363","786","377","31","93","155","217","279","341"
"364","817","51","6","14","22","30","38","46"
"365","818","105","13","30","47","64","81","98"
"366","821","102","12","29","46","63","80","97"
"367","822","116","6","25","44","63","82","101"
"368","823","56","2","11","20","29","38","47"
"369","829","125","8","28","48","68","88","108"
"370","830","166","18","45","72","99","126","153"
"371","831","251","7","48","89","130","171","212"
"372","834","87","6","20","34","48","62","76"
"373","835","114","12","31","50","69","88","107"
"374","838","135","16","38","60","82","104","126"
"375","839","169","3","31","59","87","115","143"
"376","840","112","3","21","39","57","75","93"
"377","841","234","28","67","106","145","184","223"
"378","842","167","22","49","76","103","130","157"
"379","845","274","34","79","124","169","214","259"
"380","846","157","2","28","54","80","106","132"
"381","850","210","3","38","73","108","143","178"
"382","852","72","12","24","36","48","60","72"
"383","853","102","15","32","49","66","83","100"
"384","854","105","10","27","44","61","78","95"
"385","856","123","19","39","59","79","99","119"
"386","858","200","21","54","87","120","153","186"
"387","860","107","1","18","35","52","69","86"
"388","861","314","3","55","107","159","211","263"
"389","862","230","1","39","77","115","153","191"
"390","863","137","13","35","57","79","101","123"
"391","864","127","1","22","43","64","85","106"
"392","867","130","8","29","50","71","92","113"
"393","868","122","19","39","59","79","99","119"
"394","869","129","11","32","53","74","95","116"
"395","870","207","3","37","71","105","139","173"
"396","873","267","26","70","114","158","202","246"
"397","874","233","3","41","79","117","155","193"
"398","875","130","5","26","47","68","89","110"
"399","876","158","20","46","72","98","124","150"
"400","879","163","20","47","74","101","128","155"
"401","881","127","15","36","57","78","99","120"
"402","882","196","20","52","84","116","148","180"
"403","883","153","21","46","71","96","121","146"
"404","885","112","2","20","38","56","74","92"
"405","887","105","8","25","42","59","76","93"
"406","888","113","10","28","46","64","82","100"
"407","892","205","10","44","78","112","146","180"
"408","91","120","18","38","58","78","98","118"
"409","912","150","8","33","58","83","108","133"
"410","913","141","6","29","52","75","98","121"
"411","918","74","11","23","35","47","59","71"
"412","919","79","2","15","28","41","54","67"
"413","926","97","7","23","39","55","71","87"
"414","927","56","9","18","27","36","45","54"
"415","928","178","23","52","81","110","139","168"
"416","929","58","6","15","24","33","42","51"
"417","93","373","21","83","145","207","269","331"
"418","930","260","13","56","99","142","185","228"
"419","931","263","27","70","113","156","199","242"
"420","932","183","22","52","82","112","142","172"
"421","933","121","9","29","49","69","89","109"
"422","934","148","9","33","57","81","105","129"
"423","936","149","5","29","53","77","101","125"
"424","937","171","11","39","67","95","123","151"
"425","94","101","15","31","47","63","79","95"
"426","95","298","18","67","116","165","214","263"
"427","952","143","12","35","58","81","104","127"
"428","489","90","4","19","34","49","64","79"
"429","495","231","25","63","101","139","177","215"
"430","519","119","11","30","49","68","87","106"
"431","534","95","3","18","33","48","63","78"
"432","535","86","4","18","32","46","60","74"
"433","552","116","15","34","53","72","91","110"
"434","554","159","23","49","75","101","127","153"
"435","567","203","10","43","76","109","142","175"
"436","568","151","2","27","52","77","102","127"
"437","583","104","8","25","42","59","76","93"
"438","584","213","6","41","76","111","146","181"
"439","602","150","18","43","68","93","118","143"
"440","621","118","14","33","52","71","90","109"
"441","702","74","12","24","36","48","60","72"
"442","703","87","3","17","31","45","59","73"
"443","704","72","5","17","29","41","53","65"
"444","705","117","19","38","57","76","95","114"
"445","714","72","12","24","36","48","60","72"
"446","715","72","1","13","25","37","49","61"
"447","796","274","5","50","95","140","185","230"
"448","799","34","1","6","11","16","21","26"
"449","800","46","2","9","16","23","30","37"
"450","148","125","6","26","46","66","86","106"
"451","201","149","7","31","55","79","103","127"
"452","225","92","15","30","45","60","75","90"
"453","232","180","20","50","80","110","140","170"
"454","264","79","4","17","30","43","56","69"
"455","266","86","3","17","31","45","59","73"
"456","267","61","4","14","24","34","44","54"
"457","269","66","2","13","24","35","46","57"
"458","277","55","4","13","22","31","40","49"
"459","332","266","19","63","107","151","195","239"
"460","367","92","10","25","40","55","70","85"
"461","368","82","2","15","28","41","54","67"
"462","371","89","2","16","30","44","58","72"
"463","372","42","2","9","16","23","30","37"
"464","425","89","2","16","30","44","58","72"
"465","426","74","9","21","33","45","57","69"
"466","428","101","3","19","35","51","67","83"
"467","938","78","12","25","38","51","64","77"
"468","939","132","21","43","65","87","109","131"
"469","940","106","12","29","46","63","80","97"
"470","941","153","2","27","52","77","102","127"
"471","943","70","10","21","32","43","54","65"
"472","948","101","7","23","39","55","71","87"
"473","949","140","6","29","52","75","98","121"
"474","326","57","4","13","22","31","40","49"
"475","328","236","7","46","85","124","163","202"
"476","331","348","20","78","136","194","252","310"
"477","334","225","7","44","81","118","155","192"
"478","544","217","32","68","104","140","176","212"
"479","160","151","25","50","75","100","125","150"
"480","161","137","18","40","62","84","106","128"
"481","168","65","7","17","27","37","47","57"
"482","169","86","7","21","35","49","63","77"
"483","574","107","3","20","37","54","71","88"
"484","268","298","2","51","100","149","198","247"
"485","274","189","16","47","78","109","140","171"
"486","396","35","3","8","13","18","23","28"
"487","397","20","3","6","9","12","15","18"
"488","399","31","1","6","11","16","21","26"
"489","500","83","2","15","28","41","54","67"
"490","156","165","3","30","57","84","111","138"
"491","157","191","26","57","88","119","150","181"
"492","164","95","13","28","43","58","73","88"
"493","166","235","23","62","101","140","179","218"
"494","244","103","13","30","47","64","81","98"
"495","299","193","18","50","82","114","146","178"
"496","304","26","4","8","12","16","20","24"
"497","308","162","25","52","79","106","133","160"
"498","309","185","7","37","67","97","127","157"
"499","310","255","28","70","112","154","196","238"
"500","312","261","13","56","99","142","185","228"
"501","313","111","10","28","46","64","82","100"
"502","314","76","3","15","27","39","51","63"
"503","315","284","4","51","98","145","192","239"
"504","316","326","3","57","111","165","219","273"
"505","319","29","1","5","9","13","17","21"
"506","320","50","8","16","24","32","40","48"
"507","323","160","14","40","66","92","118","144"
"508","329","236","14","53","92","131","170","209"
"509","353","107","3","20","37","54","71","88"
"510","36","198","2","35","68","101","134","167"
"511","370","102","10","27","44","61","78","95"
"512","445","103","10","27","44","61","78","95"
"513","448","134","17","39","61","83","105","127"
"514","454","171","6","34","62","90","118","146"
"515","46","168","7","35","63","91","119","147"
"516","464","84","9","23","37","51","65","79"
"517","465","109","15","33","51","69","87","105"
"518","466","82","5","18","31","44","57","70"
"519","467","109","5","23","41","59","77","95"
"520","468","100","4","20","36","52","68","84"
"521","469","126","16","37","58","79","100","121"
"522","47","250","3","44","85","126","167","208"
"523","48","203","32","65","98","131","164","197"
"524","487","144","2","26","50","74","98","122"
"525","517","78","7","20","33","46","59","72"
"526","547","193","21","53","85","117","149","181"
"527","551","110","5","23","41","59","77","95"
"528","562","179","1","30","59","88","117","146"
"529","563","151","19","44","69","94","119","144"
"530","571","80","10","23","36","49","62","75"
"531","572","78","2","15","28","41","54","67"
"532","580","152","13","38","63","88","113","138"
"533","581","201","20","53","86","119","152","185"
"534","595","147","7","31","55","79","103","127"
"535","600","217","12","48","84","120","156","192"
"536","606","166","15","42","69","96","123","150"
"537","72","223","31","68","105","142","179","216"
"538","75","271","21","66","111","156","201","246"
"539","750","167","24","51","78","105","132","159"
"540","751","72","9","21","33","45","57","69"
"541","79","215","19","54","89","124","159","194"
"542","801","77","7","19","31","43","55","67"
"543","802","205","30","64","98","132","166","200"
"544","803","225","24","61","98","135","172","209"
"545","82","298","39","88","137","186","235","284"
"546","83","136","4","26","48","70","92","114"
"547","843","154","13","38","63","88","113","138"
"548","87","170","15","43","71","99","127","155"
"549","97","250","21","62","103","144","185","226"
"550","112","170","2","30","58","86","114","142"
"551","139","76","7","19","31","43","55","67"
"552","142","207","25","59","93","127","161","195"
"553","143","233","29","67","105","143","181","219"
"554","144","235","8","47","86","125","164","203"
"555","29","116","16","35","54","73","92","111"
"556","30","95","1","16","31","46","61","76"
"557","481","132","19","41","63","85","107","129"
"558","482","93","9","24","39","54","69","84"
"559","49","345","6","63","120","177","234","291"
"560","57","296","8","57","106","155","204","253"
"561","6","298","26","75","124","173","222","271"
"562","8","54","6","15","24","33","42","51"
"563","533","86","11","25","39","53","67","81"
"564","536","77","10","22","34","46","58","70"
"565","109","266","31","75","119","163","207","251"
"566","499","84","6","20","34","48","62","76"
"567","596","209","10","44","78","112","146","180"
"568","597","173","19","47","75","103","131","159"
"569","302","226","15","52","89","126","163","200"
"570","369","119","13","32","51","70","89","108"
"571","373","50","5","13","21","29","37","45"
"572","374","95","7","22","37","52","67","82"
"573","376","104","9","26","43","60","77","94"
"574","640","252","1","43","85","127","169","211"
"575","693","145","2","26","50","74","98","122"
"576","696","126","21","42","63","84","105","126"
"577","709","163","1","28","55","82","109","136"
"578","711","153","6","31","56","81","106","131"
"579","712","143","8","31","54","77","100","123"
"580","734","224","5","42","79","116","153","190"
"581","737","86","10","24","38","52","66","80"
"582","738","103","13","30","47","64","81","98"
"583","740","192","9","41","73","105","137","169"
"584","741","101","3","19","35","51","67","83"
"585","787","343","36","93","150","207","264","321"
"586","788","50","1","9","17","25","33","41"
"587","789","249","24","65","106","147","188","229"
"588","794","295","25","74","123","172","221","270"
"589","795","177","22","51","80","109","138","167"
"590","804","152","6","31","56","81","106","131"
"591","806","82","5","18","31","44","57","70"
"592","807","76","8","20","32","44","56","68"
"593","808","365","59","119","179","239","299","359"
"594","866","142","6","29","52","75","98","121"
"595","893","84","8","22","36","50","64","78"
"596","897","251","40","81","122","163","204","245"
"597","898","56","7","16","25","34","43","52"
"598","899","126","3","24","45","66","87","108"
"599","900","71","8","19","30","41","52","63"
"600","905","91","12","27","42","57","72","87"
"601","906","124","7","27","47","67","87","107"
"602","911","185","12","42","72","102","132","162"
"603","954","138","4","27","50","73","96","119"
"604","10","162","4","31","58","85","112","139"
"605","104","78","10","23","36","49","62","75"
"606","11","207","26","60","94","128","162","196"
"607","125","150","21","46","71","96","121","146"
"608","126","179","8","37","66","95","124","153"
"609","127","197","21","53","85","117","149","181"
"610","13","156","7","33","59","85","111","137"
"611","135","118","14","33","52","71","90","109"
"612","14","158","26","52","78","104","130","156"
"613","149","179","11","40","69","98","127","156"
"614","150","285","28","75","122","169","216","263"
"615","170","33","2","7","12","17","22","27"
"616","171","42","4","11","18","25","32","39"
"617","236","101","3","19","35","51","67","83"
"618","237","137","18","40","62","84","106","128"
"619","238","124","11","31","51","71","91","111"
"620","24","157","15","41","67","93","119","145"
"621","240","88","7","21","35","49","63","77"
"622","247","27","2","6","10","14","18","22"
"623","248","74","12","24","36","48","60","72"
"624","249","31","3","8","13","18","23","28"
"625","250","20","1","4","7","10","13","16"
"626","251","19","1","4","7","10","13","16"
"627","252","23","2","5","8","11","14","17"
"628","253","19","3","6","9","12","15","18"
"629","254","41","4","10","16","22","28","34"
"630","255","20","2","5","8","11","14","17"
"631","256","13","1","3","5","7","9","11"
"632","257","24","4","8","12","16","20","24"
"633","258","68","11","22","33","44","55","66"
"634","259","35","3","8","13","18","23","28"
"635","26","140","9","32","55","78","101","124"
"636","260","36","4","10","16","22","28","34"
"637","261","58","4","13","22","31","40","49"
"638","263","122","15","35","55","75","95","115"
"639","286","116","18","37","56","75","94","113"
"640","291","33","3","8","13","18","23","28"
"641","297","41","6","12","18","24","30","36"
"642","306","25","4","8","12","16","20","24"
"643","307","30","3","8","13","18","23","28"
"644","345","52","2","10","18","26","34","42"
"645","346","95","10","25","40","55","70","85"
"646","347","84","1","15","29","43","57","71"
"647","348","47","2","9","16","23","30","37"
"648","351","57","1","10","19","28","37","46"
"649","375","72","8","20","32","44","56","68"
"650","394","35","2","7","12","17","22","27"
"651","395","29","2","6","10","14","18","22"
"652","398","36","6","12","18","24","30","36"
"653","402","30","3","8","13","18","23","28"
"654","403","52","3","11","19","27","35","43"
"655","45","271","37","82","127","172","217","262"
"656","486","188","15","46","77","108","139","170"
"657","488","78","9","22","35","48","61","74"
"658","539","180","29","59","89","119","149","179"
"659","540","76","1","13","25","37","49","61"
"660","541","24","4","8","12","16","20","24"
"661","545","247","25","66","107","148","189","230"
"662","546","121","17","37","57","77","97","117"
"663","548","163","13","40","67","94","121","148"
"664","549","73","9","21","33","45","57","69"
"665","550","59","3","12","21","30","39","48"
"666","558","203","5","38","71","104","137","170"
"667","560","102","12","29","46","63","80","97"
"668","561","106","16","33","50","67","84","101"
"669","810","51","8","16","24","32","40","48"
"670","99","245","13","53","93","133","173","213"
"671","211","140","4","27","50","73","96","119"
"672","213","250","25","66","107","148","189","230"
"673","215","94","10","25","40","55","70","85"
"674","505","94","3","18","33","48","63","78"
"675","510","109","3","21","39","57","75","93"
"676","518","211","20","55","90","125","160","195"
"677","525","77","1","13","25","37","49","61"
"678","165","153","25","50","75","100","125","150"
"679","227","94","15","30","45","60","75","90"
"680","586","221","15","51","87","123","159","195"
"681","587","191","20","51","82","113","144","175"
"682","604","98","16","32","48","64","80","96"
"683","605","43","3","10","17","24","31","38"
"684","612","163","2","29","56","83","110","137"
"685","613","91","3","18","33","48","63","78"
"686","614","32","2","7","12","17","22","27"
"687","491","102","2","19","36","53","70","87"
"688","570","83","7","20","33","46","59","72"
"689","573","54","4","13","22","31","40","49"
"690","729","90","14","29","44","59","74","89"
"691","731","89","14","28","42","56","70","84"
"692","732","92","5","20","35","50","65","80"
"693","76","260","12","55","98","141","184","227"
"694","77","266","37","81","125","169","213","257"
"695","920","262","33","76","119","162","205","248"
"696","262","108","14","32","50","68","86","104"
"697","607","108","14","32","50","68","86","104"
"698","406","21","3","6","9","12","15","18"
"699","407","39","4","10","16","22","28","34"
"700","408","20","1","4","7","10","13","16"
"701","409","120","7","27","47","67","87","107"
"702","410","47","6","13","20","27","34","41"
"703","411","85","8","22","36","50","64","78"
"704","429","27","1","5","9","13","17","21"
"705","430","20","3","6","9","12","15","18"
"706","431","36","1","7","13","19","25","31"
"707","432","78","12","25","38","51","64","77"
"708","433","47","5","12","19","26","33","40"
"709","436","45","6","13","20","27","34","41"
"710","437","32","2","7","12","17","22","27"
"711","438","73","4","16","28","40","52","64"
"712","442","16","1","3","5","7","9","11"
"713","9","295","14","63","112","161","210","259"
"714","440","7","1","2","3","4","5","6"
"715","447","168","21","49","77","105","133","161"
"716","450","127","7","28","49","70","91","112"
"717","451","103","13","30","47","64","81","98"
"718","452","155","7","32","57","82","107","132"
"719","453","125","20","40","60","80","100","120"
"720","479","118","13","32","51","70","89","108"
"721","163","95","5","20","35","50","65","80"
"722","167","45","5","12","19","26","33","40"
"723","195","131","21","42","63","84","105","126"
"724","198","234","27","66","105","144","183","222"
"725","199","182","7","37","67","97","127","157"
"726","200","181","12","42","72","102","132","162"
"727","281","58","4","13","22","31","40","49"
"728","311","260","5","48","91","134","177","220"
"729","335","319","31","84","137","190","243","296"
"730","379","44","5","12","19","26","33","40"
"731","387","76","9","21","33","45","57","69"
"732","388","16","1","3","5","7","9","11"
"733","389","59","9","18","27","36","45","54"
"734","404","10","3","4","5","6","7","8"
"735","405","38","6","12","18","24","30","36"
"736","414","33","2","7","12","17","22","27"
"737","424","81","3","16","29","42","55","68"
"738","427","68","4","15","26","37","48","59"
"739","441","19","2","5","8","11","14","17"
"740","444","112","2","20","38","56","74","92"
"741","449","92","4","19","34","49","64","79"
"742","456","158","13","39","65","91","117","143"
"743","476","14","2","4","6","8","10","12"
"744","478","87","12","26","40","54","68","82"
"745","480","71","7","18","29","40","51","62"
"746","578","185","29","59","89","119","149","179"
"747","695","54","9","18","27","36","45","54"
"748","805","73","11","23","35","47","59","71"
"749","809","195","16","48","80","112","144","176"
"750","812","183","9","39","69","99","129","159"
"751","890","126","18","39","60","81","102","123"
"752","105","252","31","73","115","157","199","241"
"753","12","236","31","70","109","148","187","226"
"754","121","150","15","40","65","90","115","140"
"755","122","201","28","61","94","127","160","193"
"756","129","152","3","28","53","78","103","128"
"757","15","114","2","21","40","59","78","97"
"758","18","91","12","27","42","57","72","87"
"759","22","158","3","29","55","81","107","133"
"760","23","156","21","47","73","99","125","151"
"761","32","264","7","51","95","139","183","227"
"762","65","151","11","36","61","86","111","136"
"763","71","277","46","92","138","184","230","276"
"764","85","282","40","87","134","181","228","275"
"765","501","111","15","33","51","69","87","105"
"766","667","237","37","76","115","154","193","232"
"767","668","72","4","16","28","40","52","64"
"768","727","82","1","14","27","40","53","66"
"769","728","83","8","21","34","47","60","73"
"770","730","84","11","25","39","53","67","81"
"771","769","126","20","41","62","83","104","125"
"772","770","40","6","12","18","24","30","36"
"773","333","124","5","25","45","65","85","105"
"774","336","271","45","90","135","180","225","270"
"775","537","90","12","27","42","57","72","87"
"776","610","121","8","28","48","68","88","108"
"777","611","167","27","54","81","108","135","162"
"778","598","186","6","37","68","99","130","161"
"779","616","106","16","33","50","67","84","101"
"780","889","145","5","29","53","77","101","125"
"781","173","140","22","45","68","91","114","137"
"782","175","139","19","42","65","88","111","134"
"783","193","129","7","28","49","70","91","112"
"784","194","155","16","41","66","91","116","141"
"785","196","216","20","56","92","128","164","200"
"786","204","207","24","58","92","126","160","194"
"787","205","228","14","52","90","128","166","204"
"788","577","336","8","64","120","176","232","288"
"789","103","238","35","74","113","152","191","230"
"790","235","101","7","23","39","55","71","87"
"791","516","82","2","15","28","41","54","67"
"792","527","218","15","51","87","123","159","195"
"793","120","62","10","20","30","40","50","60"
"794","377","73","3","15","27","39","51","63"
"795","214","92","5","20","35","50","65","80"
"796","228","98","8","24","40","56","72","88"
"797","234","75","6","18","30","42","54","66"
"798","325","149","4","28","52","76","100","124"
"799","617","129","11","32","53","74","95","116"
"800","117","144","13","37","61","85","109","133"
"801","123","134","6","28","50","72","94","116"
"802","162","82","11","24","37","50","63","76"
"803","33","316","25","77","129","181","233","285"
"804","35","158","11","37","63","89","115","141"
"805","62","236","9","48","87","126","165","204"
"806","98","457","37","113","189","265","341","417"
"807","212","115","19","38","57","76","95","114"
"808","317","293","11","59","107","155","203","251"
"809","352","50","7","15","23","31","39","47"
"810","355","126","10","31","52","73","94","115"
"811","455","58","5","14","23","32","41","50"
"812","118","240","23","63","103","143","183","223"
"813","485","188","21","52","83","114","145","176"
"814","490","52","3","11","19","27","35","43"
"815","503","161","26","52","78","104","130","156"
"816","511","149","17","41","65","89","113","137"
"817","512","278","2","48","94","140","186","232"
"818","528","122","16","36","56","76","96","116"
"819","538","165","12","39","66","93","120","147"
"820","543","234","4","43","82","121","160","199"
"821","556","129","12","33","54","75","96","117"
"822","559","129","14","35","56","77","98","119"
"823","58","144","7","31","55","79","103","127"
"824","615","104","13","30","47","64","81","98"
"825","66","249","1","42","83","124","165","206"
"826","74","152","1","26","51","76","101","126"
"827","89","272","32","77","122","167","212","257"
"828","582","198","14","47","80","113","146","179"
"829","618","104","16","33","50","67","84","101"
"830","721","47","3","10","17","24","31","38"
"831","725","80","7","20","33","46","59","72"
"832","726","81","8","21","34","47","60","73"
"833","176","90","4","19","34","49","64","79"
"834","223","69","10","21","32","43","54","65"
"835","233","234","25","64","103","142","181","220"
"836","305","195","28","60","92","124","156","188"
"837","337","29","4","8","12","16","20","24"
"838","338","90","12","27","42","57","72","87"
"839","339","96","15","31","47","63","79","95"
"840","340","80","6","19","32","45","58","71"
"841","341","91","11","26","41","56","71","86"
"842","342","91","1","16","31","46","61","76"
"843","349","99","5","21","37","53","69","85"
"844","357","89","1","15","29","43","57","71"
"845","360","105","4","21","38","55","72","89"
"846","470","306","49","100","151","202","253","304"
"847","471","72","1","13","25","37","49","61"
"848","472","86","13","27","41","55","69","83"
"849","473","48","4","12","20","28","36","44"
"850","188","76","11","23","35","47","59","71"
"851","189","148","20","44","68","92","116","140"
"852","192","108","6","24","42","60","78","96"
"853","221","53","5","13","21","29","37","45"
"854","119","189","27","58","89","120","151","182"
"855","124","247","22","63","104","145","186","227"
"856","59","252","26","68","110","152","194","236"
"857","60","200","8","41","74","107","140","173"
"858","63","118","4","23","42","61","80","99"
"859","680","143","17","40","63","86","109","132"
"860","722","84","10","24","38","52","66","80"
"861","86","262","43","86","129","172","215","258"
"862","88","100","15","31","47","63","79","95"
"863","181","34","3","8","13","18","23","28"
"864","184","45","3","10","17","24","31","38"
"865","185","45","2","9","16","23","30","37"
"866","504","83","6","19","32","45","58","71"
"867","526","79","4","17","30","43","56","69"
"868","608","326","36","90","144","198","252","306"
"869","158","273","6","51","96","141","186","231"
"870","216","224","34","71","108","145","182","219"
"871","222","250","24","65","106","147","188","229"
"872","224","42","7","14","21","28","35","42"
"873","300","48","3","11","19","27","35","43"
"874","318","82","1","14","27","40","53","66"
"875","322","250","25","66","107","148","189","230"
"876","324","123","2","22","42","62","82","102"
"877","383","103","16","33","50","67","84","101"
"878","384","176","19","48","77","106","135","164"
"879","390","25","1","5","9","13","17","21"
"880","391","30","3","8","13","18","23","28"
"881","392","17","2","4","6","8","10","12"
"882","393","30","5","10","15","20","25","30"
"883","745","79","10","23","36","49","62","75"
"884","502","101","1","17","33","49","65","81"
"885","506","215","3","38","73","108","143","178"
"886","507","205","14","48","82","116","150","184"
"887","513","76","5","17","29","41","53","65"
"888","514","195","14","46","78","110","142","174"
"889","385","25","1","5","9","13","17","21"
"890","386","52","8","16","24","32","40","48"
"891","446","174","21","50","79","108","137","166"
"892","477","60","8","18","28","38","48","58"
"893","64","236","6","45","84","123","162","201"
"894","292","74","6","18","30","42","54","66"
"895","301","212","29","64","99","134","169","204"
"896","303","333","17","72","127","182","237","292"
"897","321","194","30","62","94","126","158","190"
"898","380","94","4","19","34","49","64","79"
"899","382","121","10","30","50","70","90","110"
"900","172","125","2","22","42","62","82","102"
"901","174","235","23","62","101","140","179","218"
"902","183","41","6","12","18","24","30","36"
"903","599","141","8","31","54","77","100","123"
"904","792","115","1","20","39","58","77","96"
"905","298","26","1","5","9","13","17","21"
"906","713","165","21","48","75","102","129","156"
"907","724","62","6","16","26","36","46","56"